Login,First Name,Last Name,Birthday,email,Music,Sub-Music
safeen,Safeen,Ghafour,1973,safeen@gmail.com,Jazz,Soul
valera,Valera,Tuz,1974,safeen1@gmail.com,Dance,Pop
valera1,Dima,Som,1975,safeen2@gmail.com,Blues,Classic
valera2,Alex,Andersson,1976,safeen3@gmail.com,Flamenco,Spanish
valera3,Anya,Davidoff,1977,safeen4@gmail.com,Jazz,Lounge
valera4,Lena,Moran,1978,safeen5@gmail.com,Dance,Indian
valera5,Roman,Dilan,1979,safeen@gmail.com,Blues,Romatic
valera6,Bogdan,Kovan,1980,safeen7@gmail.com,Flamenco,Gipsy
valera7,Karim,Kim,1981,safeen8@gmail.com,Jazz,Love
valera8,Jan,Jansen,1982,safeen9@gmail.com,Dance,Slow
safeen1,Murad,Ghafour,1973,safeen@gmail.com,Jazz,Soul
valeraa,Patrick,Tuz,1974,safeen11@gmail.com,Dance,Pop
valerab,Jamil,Zico,1975,safeen20@gmail.com,Blues,Classic
valerac,Basil,Monco,1976,safeen30@gmail.com,Flamenco,Spanish
valerad,Natasha,Kolova,1977,safeen40@gmail.com,Jazz,Lounge
valerae,Lola,Kariova,1978,safeen50@gmail.com,Dance,Indian
valeraf,Ruslan,Hamid,1979,safeen60@gmail.com,Blues,Romatic
valerag,James,Daniel,1980,safeen70@gmail.com,Flamenco,Gipsy
valerah,Robert,Dean,1981,safeen80@gmail.com,Jazz,Love
valerai,James,Black,1982,safeen90@gmail.com,Dance,Slow
safeenj,Donna,Winter,1973,safeen222@gmail.com,Jazz,Soul
valerak,Baharat,Sing,1974,safeen1ff@gmail.com,Dance,Pop
